,Sr_No.,State,District,Total Households,"Electrified Households as on 10th Oct,2017","Balance Unelectrified Households as on 10th Oct,2017","Household Progress from 10th Oct,2017 to 31th Jan,2019 (a)","Additional Households electrifed from 1st Feb,2019 onwards due to Saubhagya Rath Campaigns, Camps, Control Centre, etc to till date (b)",Total Progress (a+b),Progress on last day (21-08-2019),Balance Un-electrified Households,Household Electrification (%)
0,1,Andaman & Nicobar Island,,,,,,,,,,
1,2,Andhra Pradesh,East Godavari,1860516,1820141,40375,40375,5674,46049,0,0,100.0
2,2,Andhra Pradesh,West Godavari,1137681,1101815,35866,35866,4947,40813,0,0,100.0
3,2,Andhra Pradesh,Guntur,966913,965387,1526,1526,0,1526,0,0,100.0
4,2,Andhra Pradesh,Krishna,946870,946735,135,135,0,135,0,0,100.0
5,2,Andhra Pradesh,Chittoor,892179,889879,2300,2300,0,2300,0,0,100.0
6,2,Andhra Pradesh,Anantapur,818514,809483,9031,9031,0,9031,0,0,100.0
7,2,Andhra Pradesh,Srikakulam,789982,776038,13944,13944,2740,16684,0,0,100.0
8,2,Andhra Pradesh,Prakasam,777095,775297,1798,1798,0,1798,0,0,100.0
9,2,Andhra Pradesh,Visakhapatnam,766059,729821,36238,36238,5475,41713,0,0,100.0
10,2,Andhra Pradesh,Kurnool,729882,724514,5368,5368,0,5368,0,0,100.0
11,2,Andhra Pradesh,Sri Potti Sriramulu Nellore,667843,667192,651,651,0,651,0,0,100.0
12,2,Andhra Pradesh,Vizianagaram,576752,566388,10364,10364,1461,11825,0,0,100.0
13,2,Andhra Pradesh,Kadapa (YSR),512419,508382,4037,4037,0,4037,0,0,100.0
14,3,Arunachal Pradesh,Papum Pare,48085,44478,3607,3607,0,3607,0,0,100.0
15,3,Arunachal Pradesh,Changlang,29622,22729,6893,6893,0,6893,0,0,100.0
16,3,Arunachal Pradesh,Tirap,28243,23578,4665,4665,0,4665,0,0,100.0
17,3,Arunachal Pradesh,Lohit_Namsai,27268,19431,7837,7837,0,7837,0,0,100.0
18,3,Arunachal Pradesh,West Siang,25840,24215,1625,1625,0,1625,0,0,100.0
19,3,Arunachal Pradesh,East Siang,23724,20077,3647,3647,0,3647,0,0,100.0
20,3,Arunachal Pradesh,West Kameng District,21290,20439,851,851,0,851,0,0,100.0
21,3,Arunachal Pradesh,Lower Subansiri,18564,16466,2098,2098,0,2098,0,0,100.0
22,3,Arunachal Pradesh,Upper Subansiri,17593,14757,2836,2836,0,2836,0,0,100.0
23,3,Arunachal Pradesh,Kurung Kumey,15462,11669,3793,3793,0,3793,0,0,100.0
24,3,Arunachal Pradesh,East Kameng District,11611,6529,5082,5082,0,5082,0,0,100.0
25,3,Arunachal Pradesh,Lower Dibang Valley,11402,8614,2788,2788,0,2788,0,0,100.0
26,3,Arunachal Pradesh,Tawang District,9548,9240,308,308,0,308,0,0,100.0
27,3,Arunachal Pradesh,Upper Siang,7226,7068,158,158,0,158,0,0,100.0
28,3,Arunachal Pradesh,Anjaw,5261,4577,684,684,0,684,0,0,100.0
29,3,Arunachal Pradesh,Dibang Valley,1622,1405,217,217,0,217,0,0,100.0
30,4,Assam,Nagaon,574642,481866,92776,92776,5676,98452,0,0,100.0
31,4,Assam,Dhubri,502746,387632,115114,115114,12204,127318,0,0,100.0
32,4,Assam,Barpeta,351423,246847,104576,104576,9735,114311,0,0,100.0
33,4,Assam,Kamrup Metropolitan,350006,341415,8591,8591,77,8668,0,0,100.0
34,4,Assam,Dibrugarh,320172,262832,57340,57340,6725,64065,0,0,100.0
35,4,Assam,Cachar,316372,230990,85382,85382,4214,89596,0,0,100.0
36,4,Assam,Kamrup,308481,239672,68809,68809,6251,75060,0,0,100.0
37,4,Assam,Tinsukia,301537,222947,78590,78590,8236,86826,0,0,100.0
38,4,Assam,Jorhat,286497,247831,38666,38666,2620,41286,0,0,100.0
39,4,Assam,Goalpara,284105,196939,87166,87166,10668,97834,0,0,100.0
40,4,Assam,Karbi Anglong,272840,218198,54642,54642,11474,66116,0,0,100.0
41,4,Assam,Sonitpur,265680,202435,63245,63245,9073,72318,0,0,100.0
42,4,Assam,Karimganj,254307,198492,55815,55815,2478,58293,0,0,100.0
43,4,Assam,Golaghat,252456,214478,37978,37978,3409,41387,0,0,100.0
44,4,Assam,Marigaon,241469,194512,46957,46957,877,47834,0,0,100.0
45,4,Assam,Sibsagar,234026,183833,50193,50193,6284,56477,0,0,100.0
46,4,Assam,Lakhimpur,223826,159555,64271,64271,5475,69746,0,0,100.0
47,4,Assam,Udalguri,214101,151812,62289,62289,555,62844,0,0,100.0
48,4,Assam,Darrang,211606,142506,69100,69100,2905,72005,0,0,100.0
49,4,Assam,Baksa,202607,128348,74259,74259,3764,78023,0,0,100.0
50,4,Assam,Kokrajhar,201408,144245,57163,57163,3806,60969,0,0,100.0
51,4,Assam,Bongaigaon,169360,140223,29137,29137,2641,31778,0,0,100.0
52,4,Assam,Nalbari,160132,120838,39294,39294,2267,41561,0,0,100.0
53,4,Assam,Dhemaji,146171,95429,50742,50742,11557,62299,0,0,100.0
54,4,Assam,Hailakandi,145629,85166,60463,60463,920,61383,0,0,100.0
55,4,Assam,Chirang,112046,73458,38588,38588,1041,39629,0,0,100.0
56,4,Assam,Dima Hasao,62434,44959,17475,17475,1596,19071,0,0,100.0
57,5,Bihar,Patna,933212,871196,62016,62016,0,62016,0,0,100.0
58,5,Bihar,Muzaffarpur,624125,558195,65930,65930,0,65930,0,0,100.0
59,5,Bihar,Samastipur,615561,411810,203751,203751,0,203751,0,0,100.0
60,5,Bihar,Madhubani,599213,488502,110711,110711,0,110711,0,0,100.0
61,5,Bihar,Purba Champaran,596357,406845,189512,189512,0,189512,0,0,100.0
62,5,Bihar,Darbhanga,586627,442039,144588,144588,0,144588,0,0,100.0
63,5,Bihar,Pashchim Champaran,557221,433091,124130,124130,0,124130,0,0,100.0
64,5,Bihar,Gaya,543193,381714,161479,161479,0,161479,0,0,100.0
65,5,Bihar,Saran,483219,374944,108275,108275,0,108275,0,0,100.0
66,5,Bihar,Begusarai,469941,384813,85128,85128,0,85128,0,0,100.0
67,5,Bihar,Nalanda,451934,404976,46958,46958,0,46958,0,0,100.0
68,5,Bihar,Purnia,451786,333143,118643,118643,0,118643,0,0,100.0
69,5,Bihar,Vaishali,421030,348682,72348,72348,0,72348,0,0,100.0
70,5,Bihar,Bhagalpur,420548,276047,144501,144501,0,144501,0,0,100.0
71,5,Bihar,Araria,413131,243079,170052,170052,0,170052,0,0,100.0
72,5,Bihar,Siwan,389867,283997,105870,105870,0,105870,0,0,100.0
73,5,Bihar,Sitamarhi,379932,316732,63200,63200,0,63200,0,0,100.0
74,5,Bihar,Gopalganj,378322,313517,64805,64805,0,64805,0,0,100.0
75,5,Bihar,Rohtas,354982,307060,47922,47922,0,47922,0,0,100.0
76,5,Bihar,Katihar,347597,191564,156033,156033,0,156033,0,0,100.0
77,5,Bihar,Aurangabad,346081,209807,136274,136274,0,136274,0,0,100.0
78,5,Bihar,Bhojpur,343398,275004,68394,68394,0,68394,0,0,100.0
79,5,Bihar,Supaul,340477,255755,84722,84722,0,84722,0,0,100.0
80,5,Bihar,Nawada,336388,179306,157082,157082,0,157082,0,0,100.0
81,5,Bihar,Kishanganj,295348,253939,41409,41409,0,41409,0,0,100.0
82,5,Bihar,Madhepura,283836,230114,53722,53722,0,53722,0,0,100.0
83,5,Bihar,Banka,266191,179199,86992,86992,0,86992,0,0,100.0
84,5,Bihar,Jamui,244430,161165,83265,83265,0,83265,0,0,100.0
85,5,Bihar,Saharsa,244389,204806,39583,39583,0,39583,0,0,100.0
86,5,Bihar,Khagaria,219013,154144,64869,64869,0,64869,0,0,100.0
87,5,Bihar,Buxar,214760,166615,48145,48145,0,48145,0,0,100.0
88,5,Bihar,Munger,205281,186446,18835,18835,0,18835,0,0,100.0
89,5,Bihar,Kaimur (Bhabua),155507,112857,42650,42650,0,42650,0,0,100.0
90,5,Bihar,Lakhisarai,106891,89604,17287,17287,0,17287,0,0,100.0
91,5,Bihar,Jehanabad,100814,81367,19447,19447,0,19447,0,0,100.0
92,5,Bihar,Sheikhpura,87312,70552,16760,16760,0,16760,0,0,100.0
93,5,Bihar,Sheohar,83970,72478,11492,11492,0,11492,0,0,100.0
94,5,Bihar,Arwal,81238,58977,22261,22261,0,22261,0,0,100.0
95,6,Chandigarh,,,,,,,,,,
96,7,Chhattisgarh,Raipur,871340,859273,12067,12067,366,12433,0,0,100.0
97,7,Chhattisgarh,Bilaspur,507718,459464,48254,48254,2902,51156,0,0,100.0
98,7,Chhattisgarh,Durg,376340,363375,12965,12965,1052,14017,0,0,100.0
99,7,Chhattisgarh,Raigarh,336143,313024,23119,23119,930,24049,0,0,100.0
100,7,Chhattisgarh,Janjgir - Champa,327429,303536,23893,23893,1772,25665,0,0,100.0
101,7,Chhattisgarh,Korba,251991,223061,28930,28930,1348,30278,0,0,100.0
102,7,Chhattisgarh,Mungeli,226442,201906,24536,24536,1476,26012,0,0,100.0
103,7,Chhattisgarh,Surguja,215356,173233,42123,42123,1748,43871,0,0,100.0
104,7,Chhattisgarh,Rajnandgaon,193803,170399,23404,23404,1284,24688,0,0,100.0
105,7,Chhattisgarh,Mahasamund,189297,180441,8856,8856,455,9311,0,0,100.0
106,7,Chhattisgarh,Balod,186239,173041,13198,13198,3244,16442,0,0,100.0
107,7,Chhattisgarh,Baloda Bajar,183994,145630,38364,38364,2498,40862,0,0,100.0
108,7,Chhattisgarh,Bastar,170414,112472,57942,57942,837,58779,0,0,100.0
109,7,Chhattisgarh,Bemetara,167506,138563,28943,28943,2035,30978,0,0,100.0
110,7,Chhattisgarh,Surajpur,162115,127242,34873,34873,1700,36573,0,0,100.0
111,7,Chhattisgarh,Jashpur,159603,104326,55277,55277,2131,57408,0,0,100.0
112,7,Chhattisgarh,Dhamtari,154625,148727,5898,5898,234,6132,0,0,100.0
113,7,Chhattisgarh,Kabeerdham,146127,118334,27793,27793,739,28532,0,0,100.0
114,7,Chhattisgarh,Kanker,140869,119712,21157,21157,2481,23638,0,0,100.0
115,7,Chhattisgarh,Balrampur,131417,90573,40844,40844,3314,44158,0,0,100.0
116,7,Chhattisgarh,Kondagaon,123766,104991,18775,18775,855,19630,0,0,100.0
117,7,Chhattisgarh,Koriya,116925,94103,22822,22822,768,23590,0,0,100.0
118,7,Chhattisgarh,Bijapur,99702,75394,24308,14054,1295,15349,0,9978,90.09
119,7,Chhattisgarh,Gariyabandh,97679,67700,29979,29979,2161,32140,0,0,100.0
120,7,Chhattisgarh,Dantewada,70299,44837,25462,24775,1615,26390,0,462,99.36
121,7,Chhattisgarh,Sukma,43843,20618,23225,16282,860,17142,0,6680,84.97
122,7,Chhattisgarh,Narayanpur,32527,21673,10854,8604,1570,10174,0,1614,95.18
123,8,Dadara & Nagar Havelli,,,,,,,,,,
124,9,Daman & Diu,,,,,,,,,,
125,10,Goa,North Goa,74704,74704,0,0,0,0,0,0,100.0
126,10,Goa,South Goa,53504,53504,0,0,0,0,0,0,100.0
127,11,Gujarat,Surat,1294912,1285192,9720,9720,0,9720,0,0,100.0
128,11,Gujarat,Rajkot,927687,926329,1358,1358,0,1358,0,0,100.0
129,11,Gujarat,Vadodara,892755,886235,6520,6520,0,6520,0,0,100.0
130,11,Gujarat,Bhavnagar,598125,597661,464,464,0,464,0,0,100.0
131,11,Gujarat,Junagadh,585356,584347,1009,1009,0,1009,0,0,100.0
132,11,Gujarat,Banaskantha,559157,557708,1449,1449,0,1449,0,0,100.0
133,11,Gujarat,Sabarkantha,518845,517096,1749,1749,0,1749,0,0,100.0
134,11,Gujarat,Jamnagar,517529,516736,793,793,0,793,0,0,100.0
135,11,Gujarat,Valsad,475950,475950,0,0,0,0,0,0,100.0
136,11,Gujarat,Ahmedabad,449027,447434,1593,1593,0,1593,0,0,100.0
137,11,Gujarat,Anand,436674,435355,1319,1319,0,1319,0,0,100.0
138,11,Gujarat,Mahesana,436225,431506,4719,4719,0,4719,0,0,100.0
139,11,Gujarat,Kheda,402095,401386,709,709,0,709,0,0,100.0
140,11,Gujarat,Panchmahals,395949,395395,554,554,0,554,0,0,100.0
141,11,Gujarat,Navsari,365123,365123,0,0,0,0,0,0,100.0
142,11,Gujarat,Bharuch,351988,350884,1104,1104,0,1104,0,0,100.0
143,11,Gujarat,Amreli,329561,328346,1215,1215,0,1215,0,0,100.0
144,11,Gujarat,Kachchh,282476,282109,367,367,0,367,0,0,100.0
145,11,Gujarat,Gandhinagar,281853,279394,2459,2459,0,2459,0,0,100.0
146,11,Gujarat,Patan,272915,271389,1526,1526,0,1526,0,0,100.0
147,11,Gujarat,Surendranagar,261420,260818,602,602,0,602,0,0,100.0
148,11,Gujarat,Dahod,259480,259185,295,295,0,295,0,0,100.0
149,11,Gujarat,Tapi,175894,174569,1325,1325,0,1325,0,0,100.0
150,11,Gujarat,Porbandar,133726,133604,122,122,0,122,0,0,100.0
151,11,Gujarat,Narmada,132097,131751,346,346,0,346,0,0,100.0
152,11,Gujarat,The Dangs,54024,54024,0,0,0,0,0,0,100.0
153,11,Gujarat,Mahisagar,18395,18395,0,0,0,0,0,0,100.0
154,11,Gujarat,Chhotaudepur,5294,5294,0,0,0,0,0,0,100.0
155,12,Haryana,Hisar,269809,269675,134,134,0,134,0,0,100.0
156,12,Haryana,Yamunanagar,240651,240568,83,83,0,83,0,0,100.0
157,12,Haryana,Mewat,235009,186240,48769,48769,0,48769,0,0,100.0
158,12,Haryana,Bhiwani,227772,227193,579,579,0,579,0,0,100.0
159,12,Haryana,Jind,214434,214143,291,291,0,291,0,0,100.0
160,12,Haryana,Karnal,208354,207617,737,737,0,737,0,0,100.0
161,12,Haryana,Sirsa,201238,200395,843,843,0,843,0,0,100.0
162,12,Haryana,Sonipat,200314,199632,682,682,0,682,0,0,100.0
163,12,Haryana,Panipat,173513,173259,254,254,0,254,0,0,100.0
164,12,Haryana,Kaithal,165815,165364,451,451,0,451,0,0,100.0
165,12,Haryana,Mahendragarh,165095,165095,0,0,0,0,0,0,100.0
166,12,Haryana,Rewari,155627,155627,0,0,0,0,0,0,100.0
167,12,Haryana,Jhajjar,155611,155547,64,64,0,64,0,0,100.0
168,12,Haryana,Ambala,145455,145345,110,110,0,110,0,0,100.0
169,12,Haryana,Fatehabad,138768,138262,506,506,0,506,0,0,100.0
170,12,Haryana,Palwal,130683,130159,524,524,0,524,0,0,100.0
171,12,Haryana,Kurukshetra,119641,119245,396,396,0,396,0,0,100.0
172,12,Haryana,Rohtak,117655,117517,138,138,0,138,0,0,100.0
173,12,Haryana,Gurgaon,86796,86783,13,13,0,13,0,0,100.0
174,12,Haryana,Faridabad,64450,64391,59,59,0,59,0,0,100.0
175,12,Haryana,Panchkula,53282,53234,48,48,0,48,0,0,100.0
176,13,Himachal Pradesh,Kangra,534956,533219,1737,1737,0,1737,0,0,100.0
177,13,Himachal Pradesh,Shimla,286446,284971,1475,1475,0,1475,0,0,100.0
178,13,Himachal Pradesh,Mandi,198852,197532,1320,1320,0,1320,0,0,100.0
179,13,Himachal Pradesh,Solan,155979,154911,1068,1068,0,1068,0,0,100.0
180,13,Himachal Pradesh,Una,126164,123642,2522,2522,0,2522,0,0,100.0
181,13,Himachal Pradesh,Hamirpur,122956,121083,1873,1873,0,1873,0,0,100.0
182,13,Himachal Pradesh,Sirmaur,111239,110280,959,959,0,959,0,0,100.0
183,13,Himachal Pradesh,Kullu,107791,107031,760,760,0,760,0,0,100.0
184,13,Himachal Pradesh,Chamba,102281,101698,583,583,0,583,0,0,100.0
185,13,Himachal Pradesh,Bilaspur,82217,81855,362,362,0,362,0,0,100.0
186,13,Himachal Pradesh,Kinnaur,20360,20238,122,122,0,122,0,0,100.0
187,13,Himachal Pradesh,Lahul & Spiti,6428,6318,110,110,0,110,0,0,100.0
188,14,Jammu & Kashmir,Jammu,375176,356042,19134,19134,7140,26274,0,0,100.0
189,14,Jammu & Kashmir,Srinagar,204533,200987,3546,3546,61,3607,0,0,100.0
190,14,Jammu & Kashmir,Anantnag,168023,148691,19332,19332,0,19332,0,0,100.0
191,14,Jammu & Kashmir,Bandipore,152974,144800,8174,8174,0,8174,0,0,100.0
192,14,Jammu & Kashmir,Rajauri,150242,129683,20559,20559,442,21001,0,0,100.0
193,14,Jammu & Kashmir,Kathua,142548,129803,12745,12745,634,13379,0,0,100.0
194,14,Jammu & Kashmir,Baramula,129447,118714,10733,10733,0,10733,0,0,100.0
195,14,Jammu & Kashmir,Punch,123473,100084,23389,23389,0,23389,0,0,100.0
196,14,Jammu & Kashmir,Udhampur,116389,92718,23671,23671,0,23671,0,0,100.0
197,14,Jammu & Kashmir,Kupwara,113578,97320,16258,16258,0,16258,0,0,100.0
198,14,Jammu & Kashmir,Doda,100569,73376,27193,27193,0,27193,0,0,100.0
199,14,Jammu & Kashmir,Pulwama,95164,78821,16343,16343,550,16893,0,0,100.0
200,14,Jammu & Kashmir,Kulgam,81746,62888,18858,18858,0,18858,0,0,100.0
201,14,Jammu & Kashmir,Samba,77864,65881,11983,11983,0,11983,0,0,100.0
202,14,Jammu & Kashmir,Badgam,72227,59327,12900,12900,12,12912,0,0,100.0
203,14,Jammu & Kashmir,Reasi,68413,45014,23399,23399,0,23399,0,0,100.0
204,14,Jammu & Kashmir,Ramban,67900,49515,18385,18385,0,18385,0,0,100.0
205,14,Jammu & Kashmir,Shopian,56152,34833,21319,21319,0,21319,0,0,100.0
206,14,Jammu & Kashmir,Kishtwar,55697,17885,37812,37812,0,37812,0,0,100.0
207,14,Jammu & Kashmir,Ganderbal,50200,27727,22473,22473,0,22473,0,0,100.0
208,14,Jammu & Kashmir,Leh (Ladakh),25692,18085,7607,7607,0,7607,0,0,100.0
209,14,Jammu & Kashmir,Kargil,23147,20667,2480,2480,369,2849,0,0,100.0
210,15,Jharkhand,Ranchi,611793,516418,95375,95375,9294,104669,0,0,100.0
211,15,Jharkhand,Purbi Singhbhum,486307,373214,113093,113093,794,113887,0,0,100.0
212,15,Jharkhand,Dhanbad,478127,455350,22777,22777,8385,31162,0,0,100.0
213,15,Jharkhand,Giridih,450210,307361,142849,142849,9909,152758,0,0,100.0
214,15,Jharkhand,Palamu,421922,207856,214066,214066,1990,216056,0,0,100.0
215,15,Jharkhand,Dumka,344351,309951,34400,34400,12422,46822,0,0,100.0
216,15,Jharkhand,Pashchimi Singhbhum,336530,304890,31640,31640,19328,50968,0,0,100.0
217,15,Jharkhand,Deoghar,330979,287874,43105,43105,9854,52959,0,0,100.0
218,15,Jharkhand,Hazaribagh,327747,263771,63976,63976,13663,77639,0,0,100.0
219,15,Jharkhand,Godda,295089,221701,73388,73388,1249,74637,0,0,100.0
220,15,Jharkhand,Sarikela-Kharswana,279805,238521,41284,41284,4735,46019,0,0,100.0
221,15,Jharkhand,Bokaro,279450,227863,51587,51587,6558,58145,0,0,100.0
222,15,Jharkhand,Garhwa,251425,180465,70960,70960,4535,75495,0,0,100.0
223,15,Jharkhand,Sahibganj,249348,208186,41162,41162,639,41801,0,0,100.0
224,15,Jharkhand,Chatra,231528,163639,67889,67889,19288,87177,0,0,100.0
225,15,Jharkhand,Pakaur,204775,180603,24172,24172,3645,27817,0,0,100.0
226,15,Jharkhand,Gumla,200151,164906,35245,35245,5187,40432,0,0,100.0
227,15,Jharkhand,Jamtara,183863,148339,35524,35524,3817,39341,0,0,100.0
228,15,Jharkhand,Latehar,144959,105253,39706,39706,4845,44551,0,0,100.0
229,15,Jharkhand,Simdega,144438,124838,19600,19600,2615,22215,0,0,100.0
230,15,Jharkhand,Ramgarh,134394,92152,42242,42242,628,42870,0,0,100.0
231,15,Jharkhand,Koderma,132136,105617,26519,26519,133,26652,0,0,100.0
232,15,Jharkhand,Khunti,123201,99658,23543,23543,3778,27321,0,0,100.0
233,15,Jharkhand,Lohardaga,106508,78216,28292,28292,1023,29315,0,0,100.0
234,16,Karnataka,Belgaum,681728,650913,30815,30815,5091,35906,0,0,100.0
235,16,Karnataka,Dakshina Kannada,583879,575339,8540,8540,0,8540,0,0,100.0
236,16,Karnataka,Bellary,563050,556747,6303,6303,0,6303,0,0,100.0
237,16,Karnataka,Gulbarga,536263,529036,7227,7227,0,7227,0,0,100.0
238,16,Karnataka,Mysore,509435,496628,12807,12807,3923,16730,0,0,100.0
239,16,Karnataka,Tumkur,493602,464373,29229,29229,3479,32708,0,0,100.0
240,16,Karnataka,Shimoga,490159,473915,16244,16244,0,16244,0,0,100.0
241,16,Karnataka,Raichur,460674,450365,10309,10309,0,10309,0,0,100.0
242,16,Karnataka,Hassan,396618,387613,9005,9005,3664,12669,0,0,100.0
243,16,Karnataka,Mandya,387273,375710,11563,11563,3449,15012,0,0,100.0
244,16,Karnataka,Bidar,378517,373511,5006,5006,0,5006,0,0,100.0
245,16,Karnataka,Udupi,334529,320469,14060,14060,0,14060,0,0,100.0
246,16,Karnataka,Chikmagalur,315928,301809,14119,14119,92,14211,0,0,100.0
247,16,Karnataka,Chitradurga,304499,282669,21830,21830,11553,33383,0,0,100.0
248,16,Karnataka,Koppal,296363,290533,5830,5830,0,5830,0,0,100.0
249,16,Karnataka,Bijapur,295754,287009,8745,8745,2052,10797,0,0,100.0
250,16,Karnataka,Haveri,295536,284532,11004,11004,186,11190,0,0,100.0
251,16,Karnataka,Yadgir,292660,279456,13204,13204,0,13204,0,0,100.0
252,16,Karnataka,Ramanagara,288569,276374,12195,12195,1054,13249,0,0,100.0
253,16,Karnataka,Kolar,272963,262406,10557,10557,1854,12411,0,0,100.0
254,16,Karnataka,Davanagere,270743,260051,10692,10692,753,11445,0,0,100.0
255,16,Karnataka,Chikkaballapura,262792,257212,5580,5580,734,6314,0,0,100.0
256,16,Karnataka,Uttara Kannada,248632,243473,5159,5159,466,5625,0,0,100.0
257,16,Karnataka,Chamarajanagar,235874,234311,1563,1563,2893,4456,0,0,100.0
258,16,Karnataka,Bagalkot,230477,224083,6394,6394,952,7346,0,0,100.0
259,16,Karnataka,Bangalore Rural,201081,194909,6172,6172,371,6543,0,0,100.0
260,16,Karnataka,Dharwad,164842,161257,3585,3585,664,4249,0,0,100.0
261,16,Karnataka,Bangalore,164263,161767,2496,2496,292,2788,0,0,100.0
262,16,Karnataka,Gadag,143658,133775,9883,9883,791,10674,0,0,100.0
263,16,Karnataka,Kodagu,120963,118850,2113,2113,432,2545,0,0,100.0
264,17,Kerala,Malappuram,1052325,1052325,0,0,0,0,0,0,100.0
265,17,Kerala,Ernakulam,1031733,1031733,0,0,0,0,0,0,100.0
266,17,Kerala,Thiruvananthapuram,933744,933744,0,0,0,0,0,0,100.0
267,17,Kerala,Thrissur,850342,850342,0,0,0,0,0,0,100.0
268,17,Kerala,Kollam,847374,847374,0,0,0,0,0,0,100.0
269,17,Kerala,Kozhikode,832407,832407,0,0,0,0,0,0,100.0
270,17,Kerala,Palakkad,769366,769366,0,0,0,0,0,0,100.0
271,17,Kerala,Alappuzha,746042,746042,0,0,0,0,0,0,100.0
272,17,Kerala,Kannur,689108,689108,0,0,0,0,0,0,100.0
273,17,Kerala,Kottayam,578435,578435,0,0,0,0,0,0,100.0
274,17,Kerala,Pathanamthitta,470877,470877,0,0,0,0,0,0,100.0
275,17,Kerala,Idukki,443983,443983,0,0,0,0,0,0,100.0
276,17,Kerala,Kasaragod,284104,284104,0,0,0,0,0,0,100.0
277,17,Kerala,Wayanad,283192,283192,0,0,0,0,0,0,100.0
278,18,Lakshadweep,,,,,,,,,,
279,19,Madhya Pradesh,Indore,677802,666789,11013,11013,0,11013,0,0,100.0
280,19,Madhya Pradesh,Rewa,502643,450393,52250,52250,0,52250,0,0,100.0
281,19,Madhya Pradesh,Bhopal,485372,463137,22235,22235,0,22235,0,0,100.0
282,19,Madhya Pradesh,Satna,460174,417349,42825,42825,0,42825,0,0,100.0
283,19,Madhya Pradesh,Dhar,368339,321287,47052,47052,0,47052,0,0,100.0
284,19,Madhya Pradesh,Sagar,364450,312374,52076,52076,0,52076,0,0,100.0
285,19,Madhya Pradesh,Betul,349729,309669,40060,40060,0,40060,0,0,100.0
286,19,Madhya Pradesh,Ujjain,341156,317936,23220,23220,0,23220,0,0,100.0
287,19,Madhya Pradesh,Khargone (West Nimar),336071,280680,55391,55391,0,55391,0,0,100.0
288,19,Madhya Pradesh,Gwalior,331081,280809,50272,50272,0,50272,0,0,100.0
289,19,Madhya Pradesh,Balaghat,328523,283556,44967,44967,0,44967,0,0,100.0
290,19,Madhya Pradesh,Dewas,297462,266755,30707,30707,0,30707,0,0,100.0
291,19,Madhya Pradesh,Katni,288653,259132,29521,29521,0,29521,0,0,100.0
292,19,Madhya Pradesh,Mandsaur,285403,265737,19666,19666,0,19666,0,0,100.0
293,19,Madhya Pradesh,Seoni,282574,249059,33515,33515,0,33515,0,0,100.0
294,19,Madhya Pradesh,Damoh,279487,245272,34215,34215,0,34215,0,0,100.0
295,19,Madhya Pradesh,Chhatarpur,279098,229082,50016,50016,0,50016,0,0,100.0
296,19,Madhya Pradesh,Ratlam,273147,246408,26739,26739,0,26739,0,0,100.0
297,19,Madhya Pradesh,Chhindwara,270597,228622,41975,41975,0,41975,0,0,100.0
298,19,Madhya Pradesh,Jabalpur,256628,216262,40366,40366,0,40366,0,0,100.0
299,19,Madhya Pradesh,Tikamgarh,255795,229376,26419,26419,0,26419,0,0,100.0
300,19,Madhya Pradesh,Narsinghpur,254434,222834,31600,31600,0,31600,0,0,100.0
301,19,Madhya Pradesh,Shivpuri,245176,157058,88118,88118,0,88118,0,0,100.0
302,19,Madhya Pradesh,Rajgarh,240414,171722,68692,68692,0,68692,0,0,100.0
303,19,Madhya Pradesh,Morena,232045,145279,86766,86766,0,86766,0,0,100.0
304,19,Madhya Pradesh,Bhind,230252,129629,100623,100623,0,100623,0,0,100.0
305,19,Madhya Pradesh,Vidisha,229439,175908,53531,53531,0,53531,0,0,100.0
306,19,Madhya Pradesh,Barwani,228886,192291,36595,36595,0,36595,0,0,100.0
307,19,Madhya Pradesh,Mandla,225385,191211,34174,34174,0,34174,0,0,100.0
308,19,Madhya Pradesh,Sehore,220394,195278,25116,25116,0,25116,0,0,100.0
309,19,Madhya Pradesh,Khandwa (East Nimar),206641,183831,22810,22810,0,22810,0,0,100.0
310,19,Madhya Pradesh,Singrauli,205968,157039,48929,48929,0,48929,0,0,100.0
311,19,Madhya Pradesh,Sidhi,204338,156460,47878,47878,0,47878,0,0,100.0
312,19,Madhya Pradesh,Hoshangabad,198811,174314,24497,24497,0,24497,0,0,100.0
313,19,Madhya Pradesh,Guna,193530,132515,61015,61015,0,61015,0,0,100.0
314,19,Madhya Pradesh,Raisen,186679,134220,52459,52459,0,52459,0,0,100.0
315,19,Madhya Pradesh,Jhabua,185415,136820,48595,48595,0,48595,0,0,100.0
316,19,Madhya Pradesh,Shahdol,179700,137379,42321,42321,0,42321,0,0,100.0
317,19,Madhya Pradesh,Neemuch,164206,153281,10925,10925,0,10925,0,0,100.0
318,19,Madhya Pradesh,Burhanpur,156913,146816,10097,10097,0,10097,0,0,100.0
319,19,Madhya Pradesh,Dindori,154294,122283,32011,32011,0,32011,0,0,100.0
320,19,Madhya Pradesh,Shajapur,139411,122650,16761,16761,0,16761,0,0,100.0
321,19,Madhya Pradesh,Panna,136671,104296,32375,32375,0,32375,0,0,100.0
322,19,Madhya Pradesh,Alirajpur,130686,98335,32351,32351,0,32351,0,0,100.0
323,19,Madhya Pradesh,Datia,125474,86603,38871,38871,0,38871,0,0,100.0
324,19,Madhya Pradesh,Ashoknagar,116703,95571,21132,21132,0,21132,0,0,100.0
325,19,Madhya Pradesh,Anuppur,114764,69778,44986,44986,0,44986,0,0,100.0
326,19,Madhya Pradesh,Umaria,110056,77728,32328,32328,0,32328,0,0,100.0
327,19,Madhya Pradesh,Sheopur,106965,69500,37465,37465,0,37465,0,0,100.0
328,19,Madhya Pradesh,Harda,101395,87014,14381,14381,0,14381,0,0,100.0
329,19,Madhya Pradesh,Agar Malwa,81778,69416,12362,12362,0,12362,0,0,100.0
330,20,Maharashtra,Thane,3482554,3331223,151331,151331,55880,207211,0,0,100.0
331,20,Maharashtra,Pune,2681210,2515636,165574,165574,31792,197366,0,0,100.0
332,20,Maharashtra,Nashik,1425564,1353209,72355,72355,24412,96767,0,0,100.0
333,20,Maharashtra,Nagpur,1201252,1160743,40509,40509,4423,44932,0,0,100.0
334,20,Maharashtra,Ahmadnagar,1002611,962301,40310,40310,6663,46973,0,0,100.0
335,20,Maharashtra,Jalgaon,967642,896884,70758,70758,11859,82617,0,0,100.0
336,20,Maharashtra,Kolhapur,933649,904589,29060,29060,3916,32976,0,0,100.0
337,20,Maharashtra,Solapur,907090,877711,29379,29379,2858,32237,0,0,100.0
338,20,Maharashtra,Aurangabad,755484,708461,47023,47023,5901,52924,0,0,100.0
339,20,Maharashtra,Yavatmal,731953,709822,22131,22131,5662,27793,0,0,100.0
340,20,Maharashtra,Raigarh,726126,673689,52437,52437,9231,61668,0,0,100.0
341,20,Maharashtra,Satara,699846,668029,31817,31817,4485,36302,0,0,100.0
342,20,Maharashtra,Amravati,667695,637666,30029,30029,6646,36675,0,0,100.0
343,20,Maharashtra,Sangli,622318,603891,18427,18427,2405,20832,0,0,100.0
344,20,Maharashtra,Chandrapur,621817,604169,17648,17648,2943,20591,0,0,100.0
345,20,Maharashtra,Nanded,609057,576835,32222,32222,5971,38193,0,0,100.0
346,20,Maharashtra,Beed,573976,559256,14720,14720,7965,22685,0,0,100.0
347,20,Maharashtra,Buldana,572112,555740,16372,16372,2425,18797,0,0,100.0
348,20,Maharashtra,Ratnagiri,542350,521227,21123,21123,2260,23383,0,0,100.0
349,20,Maharashtra,Dhule,472108,442707,29401,29401,8422,37823,0,0,100.0
350,20,Maharashtra,Latur,431498,401453,30045,30045,3192,33237,0,0,100.0
351,20,Maharashtra,Jalna,423086,398185,24901,24901,3900,28801,0,0,100.0
352,20,Maharashtra,Akola,410671,396151,14520,14520,1780,16300,0,0,100.0
353,20,Maharashtra,Osmanabad,360114,346761,13353,13353,3013,16366,0,0,100.0
354,20,Maharashtra,Parbhani,356210,344855,11355,11355,3323,14678,0,0,100.0
355,20,Maharashtra,Wardha,336977,322240,14737,14737,1877,16614,0,0,100.0
356,20,Maharashtra,Gondiya,325181,307950,17231,17231,2194,19425,0,0,100.0
357,20,Maharashtra,Bhandara,316161,300632,15529,15529,1613,17142,0,0,100.0
358,20,Maharashtra,Sindhudurg,301757,291995,9762,9762,1149,10911,0,0,100.0
359,20,Maharashtra,Nandurbar,290250,206787,83463,83463,21920,105383,0,0,100.0
360,20,Maharashtra,Gadchiroli,279255,244801,34454,34454,3495,37949,0,0,100.0
361,20,Maharashtra,Hingoli,270522,230801,39721,39721,4927,44648,0,0,100.0
362,20,Maharashtra,Washim,256308,247719,8589,8589,949,9538,0,0,100.0
363,20,Maharashtra,Mumbai,6002,0,6002,6002,2183,8185,0,0,100.0
364,21,Manipur,Senapati,76093,56642,19451,19451,1,19452,0,0,100.0
365,21,Manipur,Imphal East,62915,57652,5263,5263,0,5263,0,0,100.0
366,21,Manipur,Churachandpur,61526,46372,15154,15154,529,15683,0,0,100.0
367,21,Manipur,Thoubal,61046,46615,14431,14431,0,14431,0,0,100.0
368,21,Manipur,Imphal West,56083,50418,5665,5665,0,5665,0,0,100.0
369,21,Manipur,Bishnupur,37487,32145,5342,5342,0,5342,0,0,100.0
370,21,Manipur,Ukhrul,34799,21762,13037,13037,0,13037,0,0,100.0
371,21,Manipur,Chandel,32818,20556,12262,12262,1,12263,0,0,100.0
372,21,Manipur,Tamenglong,30375,18763,11612,11612,0,11612,0,0,100.0
373,22,Meghalaya,East Khasi Hills,182418,155656,26762,26762,0,26762,0,0,100.0
374,22,Meghalaya,West Garo Hills,145135,87144,57991,57991,0,57991,0,0,100.0
375,22,Meghalaya,West Jaintia Hills,82324,53256,29068,29068,0,29068,0,0,100.0
376,22,Meghalaya,West Khasi Hills,71473,46896,24577,24577,0,24577,0,0,100.0
377,22,Meghalaya,East Garo Hills,66528,37693,28835,28835,0,28835,0,0,100.0
378,22,Meghalaya,Ri Bhoi,59626,38562,21064,21064,0,21064,0,0,100.0
379,22,Meghalaya,South Garo Hills,28298,16756,11542,11542,0,11542,0,0,100.0
380,23,Mizoram,Aizawl,85319,83196,2123,2123,0,2123,0,0,100.0
381,23,Mizoram,Lunglei,36666,31830,4836,4836,75,4911,0,0,100.0
382,23,Mizoram,Champhai,28577,26757,1820,1820,0,1820,0,0,100.0
383,23,Mizoram,Lawngtlai,25493,16232,9261,9261,0,9261,0,0,100.0
384,23,Mizoram,Mamit,21003,15992,5011,5011,4,5015,0,0,100.0
385,23,Mizoram,Kolasib,18480,16638,1842,1842,0,1842,0,0,100.0
386,23,Mizoram,Serchhip,13428,12957,471,471,0,471,0,0,100.0
387,23,Mizoram,Saiha,12830,10307,2523,2523,4,2527,0,0,100.0
388,24,Nagaland,Aizawl,85319,83196,2123,2123,0,2123,0,0,100.0
389,24,Nagaland,Lunglei,36666,31830,4836,4836,75,4911,0,0,100.0
390,24,Nagaland,Champhai,28577,26757,1820,1820,0,1820,0,0,100.0
391,24,Nagaland,Lawngtlai,25493,16232,9261,9261,0,9261,0,0,100.0
392,24,Nagaland,Mamit,21003,15992,5011,5011,4,5015,0,0,100.0
393,24,Nagaland,Kolasib,18480,16638,1842,1842,0,1842,0,0,100.0
394,24,Nagaland,Serchhip,13428,12957,471,471,0,471,0,0,100.0
395,24,Nagaland,Saiha,12830,10307,2523,2523,4,2527,0,0,100.0
396,25,NCT Of Delhi,Aizawl,85319,83196,2123,2123,0,2123,0,0,100.0
397,25,NCT Of Delhi,Lunglei,36666,31830,4836,4836,75,4911,0,0,100.0
398,25,NCT Of Delhi,Champhai,28577,26757,1820,1820,0,1820,0,0,100.0
399,25,NCT Of Delhi,Lawngtlai,25493,16232,9261,9261,0,9261,0,0,100.0
400,25,NCT Of Delhi,Mamit,21003,15992,5011,5011,4,5015,0,0,100.0
401,25,NCT Of Delhi,Kolasib,18480,16638,1842,1842,0,1842,0,0,100.0
402,25,NCT Of Delhi,Serchhip,13428,12957,471,471,0,471,0,0,100.0
403,25,NCT Of Delhi,Saiha,12830,10307,2523,2523,4,2527,0,0,100.0
404,26,Odisha,Aizawl,85319,83196,2123,2123,0,2123,0,0,100.0
405,26,Odisha,Lunglei,36666,31830,4836,4836,75,4911,0,0,100.0
406,26,Odisha,Champhai,28577,26757,1820,1820,0,1820,0,0,100.0
407,26,Odisha,Lawngtlai,25493,16232,9261,9261,0,9261,0,0,100.0
408,26,Odisha,Mamit,21003,15992,5011,5011,4,5015,0,0,100.0
409,26,Odisha,Kolasib,18480,16638,1842,1842,0,1842,0,0,100.0
410,26,Odisha,Serchhip,13428,12957,471,471,0,471,0,0,100.0
411,26,Odisha,Saiha,12830,10307,2523,2523,4,2527,0,0,100.0
412,27,Puducherry,Ganjam,781775,635285,146490,146490,0,146490,0,0,100.0
413,27,Puducherry,Cuttack,613948,533680,80268,80268,3148,83416,0,0,100.0
414,27,Puducherry,Mayurbhanj,576735,451401,125334,125334,1702,127036,0,0,100.0
415,27,Puducherry,Khordha,529842,451729,78113,78113,6318,84431,0,0,100.0
416,27,Puducherry,Baleshwar,514422,429720,84702,84701,784,85485,0,0,100.0
417,27,Puducherry,Kendujhar,444695,285826,158869,158869,0,158869,0,0,100.0
418,27,Puducherry,Sundargarh,436148,313810,122338,122338,3536,125874,0,0,100.0
419,27,Puducherry,Balangir,395889,217608,178281,178281,5463,183744,0,0,100.0
420,27,Puducherry,Jajapur,395802,325280,70522,70522,2480,73002,0,0,100.0
421,27,Puducherry,Puri,388824,303353,85471,85471,2297,87768,0,0,100.0
422,27,Puducherry,Kalahandi,370285,210506,159779,159779,1553,161332,0,0,100.0
423,27,Puducherry,Koraput,341930,219135,122795,122795,0,122795,0,0,100.0
424,27,Puducherry,Kendrapara,327684,270276,57408,57408,22,57430,0,0,100.0
425,27,Puducherry,Anugul,323844,243643,80201,80201,5525,85726,0,0,100.0
426,27,Puducherry,Bhadrak,316313,251330,64983,64984,2411,67395,0,0,100.0
427,27,Puducherry,Bargarh,314555,219649,94906,94906,1041,95947,0,0,100.0
428,27,Puducherry,Dhenkanal,305162,221188,83974,83974,868,84842,0,0,100.0
429,27,Puducherry,Nabarangapur,288855,178696,110159,110159,8,110167,0,0,100.0
430,27,Puducherry,Jagatsinghapur,272642,219025,53617,53617,3138,56755,0,0,100.0
431,27,Puducherry,Nayagarh,242909,200762,42147,42147,1607,43754,0,0,100.0
432,27,Puducherry,Rayagada,234390,170116,64274,64274,0,64274,0,0,100.0
433,27,Puducherry,Sambalpur,189061,135931,53130,53130,1584,54714,0,0,100.0
434,27,Puducherry,Kandhamal,171976,119933,52043,52043,0,52043,0,0,100.0
435,27,Puducherry,Sonapur,137109,95797,41312,41312,36,41348,0,0,100.0
436,27,Puducherry,Nuapada,136112,90372,45740,45740,5251,50991,0,0,100.0
437,27,Puducherry,Malkangiri,133614,99661,33953,33953,0,33953,0,0,100.0
438,27,Puducherry,Gajapati,130988,99327,31661,31661,0,31661,0,0,100.0
439,27,Puducherry,Jharsuguda,122812,94792,28020,28020,1785,29805,0,0,100.0
440,27,Puducherry,Baudh,109277,82891,26386,26386,0,26386,0,0,100.0
441,27,Puducherry,Debagarh,73698,48687,25011,25011,0,25011,0,0,100.0
442,28,Punjab,Ganjam,781775,635285,146490,146490,0,146490,0,0,100.0
443,28,Punjab,Cuttack,613948,533680,80268,80268,3148,83416,0,0,100.0
444,28,Punjab,Mayurbhanj,576735,451401,125334,125334,1702,127036,0,0,100.0
445,28,Punjab,Khordha,529842,451729,78113,78113,6318,84431,0,0,100.0
446,28,Punjab,Baleshwar,514422,429720,84702,84701,784,85485,0,0,100.0
447,28,Punjab,Kendujhar,444695,285826,158869,158869,0,158869,0,0,100.0
448,28,Punjab,Sundargarh,436148,313810,122338,122338,3536,125874,0,0,100.0
449,28,Punjab,Balangir,395889,217608,178281,178281,5463,183744,0,0,100.0
450,28,Punjab,Jajapur,395802,325280,70522,70522,2480,73002,0,0,100.0
451,28,Punjab,Puri,388824,303353,85471,85471,2297,87768,0,0,100.0
452,28,Punjab,Kalahandi,370285,210506,159779,159779,1553,161332,0,0,100.0
453,28,Punjab,Koraput,341930,219135,122795,122795,0,122795,0,0,100.0
454,28,Punjab,Kendrapara,327684,270276,57408,57408,22,57430,0,0,100.0
455,28,Punjab,Anugul,323844,243643,80201,80201,5525,85726,0,0,100.0
456,28,Punjab,Bhadrak,316313,251330,64983,64984,2411,67395,0,0,100.0
457,28,Punjab,Bargarh,314555,219649,94906,94906,1041,95947,0,0,100.0
458,28,Punjab,Dhenkanal,305162,221188,83974,83974,868,84842,0,0,100.0
459,28,Punjab,Nabarangapur,288855,178696,110159,110159,8,110167,0,0,100.0
460,28,Punjab,Jagatsinghapur,272642,219025,53617,53617,3138,56755,0,0,100.0
461,28,Punjab,Nayagarh,242909,200762,42147,42147,1607,43754,0,0,100.0
462,28,Punjab,Rayagada,234390,170116,64274,64274,0,64274,0,0,100.0
463,28,Punjab,Sambalpur,189061,135931,53130,53130,1584,54714,0,0,100.0
464,28,Punjab,Kandhamal,171976,119933,52043,52043,0,52043,0,0,100.0
465,28,Punjab,Sonapur,137109,95797,41312,41312,36,41348,0,0,100.0
466,28,Punjab,Nuapada,136112,90372,45740,45740,5251,50991,0,0,100.0
467,28,Punjab,Malkangiri,133614,99661,33953,33953,0,33953,0,0,100.0
468,28,Punjab,Gajapati,130988,99327,31661,31661,0,31661,0,0,100.0
469,28,Punjab,Jharsuguda,122812,94792,28020,28020,1785,29805,0,0,100.0
470,28,Punjab,Baudh,109277,82891,26386,26386,0,26386,0,0,100.0
471,28,Punjab,Debagarh,73698,48687,25011,25011,0,25011,0,0,100.0
472,29,Rajasthan,Ganjam,781775,635285,146490,146490,0,146490,0,0,100.0
473,29,Rajasthan,Cuttack,613948,533680,80268,80268,3148,83416,0,0,100.0
474,29,Rajasthan,Mayurbhanj,576735,451401,125334,125334,1702,127036,0,0,100.0
475,29,Rajasthan,Khordha,529842,451729,78113,78113,6318,84431,0,0,100.0
476,29,Rajasthan,Baleshwar,514422,429720,84702,84701,784,85485,0,0,100.0
477,29,Rajasthan,Kendujhar,444695,285826,158869,158869,0,158869,0,0,100.0
478,29,Rajasthan,Sundargarh,436148,313810,122338,122338,3536,125874,0,0,100.0
479,29,Rajasthan,Balangir,395889,217608,178281,178281,5463,183744,0,0,100.0
480,29,Rajasthan,Jajapur,395802,325280,70522,70522,2480,73002,0,0,100.0
481,29,Rajasthan,Puri,388824,303353,85471,85471,2297,87768,0,0,100.0
482,29,Rajasthan,Kalahandi,370285,210506,159779,159779,1553,161332,0,0,100.0
483,29,Rajasthan,Koraput,341930,219135,122795,122795,0,122795,0,0,100.0
484,29,Rajasthan,Kendrapara,327684,270276,57408,57408,22,57430,0,0,100.0
485,29,Rajasthan,Anugul,323844,243643,80201,80201,5525,85726,0,0,100.0
486,29,Rajasthan,Bhadrak,316313,251330,64983,64984,2411,67395,0,0,100.0
487,29,Rajasthan,Bargarh,314555,219649,94906,94906,1041,95947,0,0,100.0
488,29,Rajasthan,Dhenkanal,305162,221188,83974,83974,868,84842,0,0,100.0
489,29,Rajasthan,Nabarangapur,288855,178696,110159,110159,8,110167,0,0,100.0
490,29,Rajasthan,Jagatsinghapur,272642,219025,53617,53617,3138,56755,0,0,100.0
491,29,Rajasthan,Nayagarh,242909,200762,42147,42147,1607,43754,0,0,100.0
492,29,Rajasthan,Rayagada,234390,170116,64274,64274,0,64274,0,0,100.0
493,29,Rajasthan,Sambalpur,189061,135931,53130,53130,1584,54714,0,0,100.0
494,29,Rajasthan,Kandhamal,171976,119933,52043,52043,0,52043,0,0,100.0
495,29,Rajasthan,Sonapur,137109,95797,41312,41312,36,41348,0,0,100.0
496,29,Rajasthan,Nuapada,136112,90372,45740,45740,5251,50991,0,0,100.0
497,29,Rajasthan,Malkangiri,133614,99661,33953,33953,0,33953,0,0,100.0
498,29,Rajasthan,Gajapati,130988,99327,31661,31661,0,31661,0,0,100.0
499,29,Rajasthan,Jharsuguda,122812,94792,28020,28020,1785,29805,0,0,100.0
500,29,Rajasthan,Baudh,109277,82891,26386,26386,0,26386,0,0,100.0
501,29,Rajasthan,Debagarh,73698,48687,25011,25011,0,25011,0,0,100.0
502,30,Sikkim,East Sikkim,33466,31349,2117,2117,0,2117,0,0,100.0
503,30,Sikkim,West Sikkim,31425,24506,6919,6919,0,6919,0,0,100.0
504,30,Sikkim,South Sikkim,26058,22006,4052,4052,0,4052,0,0,100.0
505,30,Sikkim,North Sikkim,7819,6007,1812,1812,0,1812,0,0,100.0
506,31,Tamil Nadu,East Sikkim,33466,31349,2117,2117,0,2117,0,0,100.0
507,31,Tamil Nadu,West Sikkim,31425,24506,6919,6919,0,6919,0,0,100.0
508,31,Tamil Nadu,South Sikkim,26058,22006,4052,4052,0,4052,0,0,100.0
509,31,Tamil Nadu,North Sikkim,7819,6007,1812,1812,0,1812,0,0,100.0
510,32,Telangana,East Sikkim,33466,31349,2117,2117,0,2117,0,0,100.0
511,32,Telangana,West Sikkim,31425,24506,6919,6919,0,6919,0,0,100.0
512,32,Telangana,South Sikkim,26058,22006,4052,4052,0,4052,0,0,100.0
513,32,Telangana,North Sikkim,7819,6007,1812,1812,0,1812,0,0,100.0
514,33,Tripura,East Sikkim,33466,31349,2117,2117,0,2117,0,0,100.0
515,33,Tripura,West Sikkim,31425,24506,6919,6919,0,6919,0,0,100.0
516,33,Tripura,South Sikkim,26058,22006,4052,4052,0,4052,0,0,100.0
517,33,Tripura,North Sikkim,7819,6007,1812,1812,0,1812,0,0,100.0
518,34,Uttar Pradesh,Lucknow,951693,858417,93276,94687,1114,95801,0,0,100.0
519,34,Uttar Pradesh,Deoria,790813,633374,157439,157220,3414,160634,0,0,100.0
520,34,Uttar Pradesh,Ghaziabad,773340,754938,18402,18466,1963,20429,0,0,100.0
521,34,Uttar Pradesh,Gorakhpur,764505,555959,208546,208459,12525,220984,0,0,100.0
522,34,Uttar Pradesh,Varanasi,730769,610820,119949,122309,3071,125380,0,0,100.0
523,34,Uttar Pradesh,Allahabad,712128,546201,165927,178501,11061,189562,0,0,100.0
524,34,Uttar Pradesh,Agra,655387,597194,58193,58193,8068,66261,0,0,100.0
525,34,Uttar Pradesh,Saharanpur,649863,533274,116589,112726,2980,115706,0,0,100.0
526,34,Uttar Pradesh,Meerut,640147,586998,53149,53308,3468,56776,0,0,100.0
527,34,Uttar Pradesh,Jaunpur,624213,429871,194342,194238,10244,204482,0,0,100.0
528,34,Uttar Pradesh,Azamgarh,608591,435501,173090,172743,7108,179851,0,0,100.0
529,34,Uttar Pradesh,Bareilly,567893,449923,117970,130032,6718,136750,0,0,100.0
530,34,Uttar Pradesh,Aligarh,559704,449461,110243,110243,6654,116897,0,0,100.0
531,34,Uttar Pradesh,Fatehpur,535111,405203,129908,131066,13755,144821,0,0,100.0
532,34,Uttar Pradesh,Bulandshahar,497722,377316,120406,120882,14999,135881,0,0,100.0
533,34,Uttar Pradesh,Moradabad,494743,377135,117608,118136,12348,130484,0,0,100.0
534,34,Uttar Pradesh,Muzaffarnagar,490627,427762,62865,63056,4631,67687,0,0,100.0
535,34,Uttar Pradesh,Bijnor,486790,379001,107789,108340,6039,114379,0,0,100.0
536,34,Uttar Pradesh,Sitapur,479434,284477,194957,193161,12173,205334,0,0,100.0
537,34,Uttar Pradesh,Kheri,475326,354304,121022,125983,15160,141143,0,0,100.0
538,34,Uttar Pradesh,Pratapgarh,468284,350210,118074,118076,13594,131670,0,0,100.0
539,34,Uttar Pradesh,Kushinagar,468148,295517,172631,172628,6626,179254,0,0,100.0
540,34,Uttar Pradesh,Unnao,458440,262529,195911,203390,22255,225645,0,0,100.0
541,34,Uttar Pradesh,Hardoi,451609,253773,197836,204342,11274,215616,0,0,100.0
542,34,Uttar Pradesh,Ghazipur,439247,296806,142441,138528,2542,141070,0,0,100.0
543,34,Uttar Pradesh,Rae Bareli,435149,359809,75340,76722,13635,90357,0,0,100.0
544,34,Uttar Pradesh,Mahrajganj,432394,291549,140845,137920,5684,143604,0,0,100.0
545,34,Uttar Pradesh,Bahraich,421870,247876,173994,180474,33998,214472,0,0,100.0
546,34,Uttar Pradesh,Ballia,402603,264468,138135,135090,2977,138067,0,0,100.0
547,34,Uttar Pradesh,Siddharthnagar,393382,273905,119477,119477,6624,126101,0,0,100.0
548,34,Uttar Pradesh,Basti,388636,263067,125569,124846,5518,130364,0,0,100.0
549,34,Uttar Pradesh,Shahjahanpur,387297,249807,137490,135387,9859,145246,0,0,100.0
550,34,Uttar Pradesh,Sultanpur,381524,262288,119236,112926,3210,116136,0,0,100.0
551,34,Uttar Pradesh,Barabanki,359933,239627,120306,114827,5738,120565,0,0,100.0
552,34,Uttar Pradesh,Firozabad,353065,276565,76500,76500,2514,79014,0,0,100.0
553,34,Uttar Pradesh,Mathura,349829,270695,79134,79134,4664,83798,0,0,100.0
554,34,Uttar Pradesh,Faizabad,342778,241177,101601,97163,5324,102487,0,0,100.0
555,34,Uttar Pradesh,Chandauli,338223,259986,78237,78270,2777,81047,0,0,100.0
556,34,Uttar Pradesh,Gautam Buddha Nagar,333987,314073,19914,20518,3332,23850,0,0,100.0
557,34,Uttar Pradesh,Mirzapur,331374,209580,121794,120951,10575,131526,0,0,100.0
558,34,Uttar Pradesh,Sonbhadra,326060,152035,174025,168229,668,168897,0,0,100.0
559,34,Uttar Pradesh,Budaun,320306,231616,88690,89082,11393,100475,0,0,100.0
560,34,Uttar Pradesh,Mau,318930,232593,86337,86313,1535,87848,0,0,100.0
561,34,Uttar Pradesh,Rampur,318352,214166,104186,104497,6039,110536,0,0,100.0
562,34,Uttar Pradesh,Gonda,307280,173691,133589,132320,26513,158833,0,0,100.0
563,34,Uttar Pradesh,Ambedkar Nagar,306337,249185,57152,55854,1696,57550,0,0,100.0
564,34,Uttar Pradesh,Pilibhit,301855,230174,71681,70339,5761,76100,0,0,100.0
565,34,Uttar Pradesh,Jyotiba Phule Nagar,292238,213835,78403,77352,6498,83850,0,0,100.0
566,34,Uttar Pradesh,Balrampur,288846,208292,80554,76164,9872,86036,0,0,100.0
567,34,Uttar Pradesh,Jhansi,280679,226997,53682,53682,2939,56621,0,0,100.0
568,34,Uttar Pradesh,Mahamaya Nagar,279295,227399,51896,51896,2654,54550,0,0,100.0
569,34,Uttar Pradesh,Sambhal,268609,176772,91837,92869,8179,101048,0,0,100.0
570,34,Uttar Pradesh,Farrukhabad,257043,167687,89356,89750,3675,93425,0,0,100.0
571,34,Uttar Pradesh,Baghpat,246577,225722,20855,21059,3192,24251,0,0,100.0
572,34,Uttar Pradesh,Banda,239153,131690,107463,107463,669,108132,0,0,100.0
573,34,Uttar Pradesh,Jalaun,237686,148944,88742,88742,4250,92992,0,0,100.0
574,34,Uttar Pradesh,Mainpuri,235017,159494,75523,75523,8860,84383,0,0,100.0
575,34,Uttar Pradesh,Sant Kabir Nagar,231955,140336,91619,91693,3899,95592,0,0,100.0
576,34,Uttar Pradesh,Auraiya,230549,155241,75308,75308,2061,77369,0,0,100.0
577,34,Uttar Pradesh,Amethi,226963,159162,67801,61460,2632,64092,0,0,100.0
578,34,Uttar Pradesh,Shamli,217158,190544,26614,26989,1575,28564,0,0,100.0
579,34,Uttar Pradesh,Kannauj,212595,132686,79909,79909,6365,86274,0,0,100.0
580,34,Uttar Pradesh,Kanpur Dehat,208626,121094,87532,87532,5737,93269,0,0,100.0
581,34,Uttar Pradesh,Sant Ravidas Nagar (Bhadohi),204379,136425,67954,69775,2002,71777,0,0,100.0
582,34,Uttar Pradesh,Hapur,197907,164833,33074,33493,2105,35598,0,0,100.0
583,34,Uttar Pradesh,Kanpur Nagar,197412,130234,67178,67178,6641,73819,0,0,100.0
584,34,Uttar Pradesh,Etawah,196704,144828,51876,52482,1344,53826,0,0,100.0
585,34,Uttar Pradesh,Etah,183798,121449,62349,62349,7624,69973,0,0,100.0
586,34,Uttar Pradesh,Hamirpur,173485,111749,61736,61350,3199,64549,0,0,100.0
587,34,Uttar Pradesh,Kanshiram Nagar,160113,112080,48033,48033,8191,56224,0,0,100.0
588,34,Uttar Pradesh,Chitrakoot,159972,70569,89403,89403,233,89636,0,0,100.0
589,34,Uttar Pradesh,Shrawasti,156721,97879,58842,52935,1686,54621,0,0,100.0
590,34,Uttar Pradesh,Kaushambi,156498,96328,60170,60177,4275,64452,0,0,100.0
591,34,Uttar Pradesh,Lalitpur,155314,94594,60720,60106,3395,63501,0,0,100.0
592,34,Uttar Pradesh,Mahoba,154479,115436,39043,39043,3731,42774,0,0,100.0
593,35,Uttarakhand,Lucknow,951693,858417,93276,94687,1114,95801,0,0,100.0
594,35,Uttarakhand,Deoria,790813,633374,157439,157220,3414,160634,0,0,100.0
595,35,Uttarakhand,Ghaziabad,773340,754938,18402,18466,1963,20429,0,0,100.0
596,35,Uttarakhand,Gorakhpur,764505,555959,208546,208459,12525,220984,0,0,100.0
597,35,Uttarakhand,Varanasi,730769,610820,119949,122309,3071,125380,0,0,100.0
598,35,Uttarakhand,Allahabad,712128,546201,165927,178501,11061,189562,0,0,100.0
599,35,Uttarakhand,Agra,655387,597194,58193,58193,8068,66261,0,0,100.0
600,35,Uttarakhand,Saharanpur,649863,533274,116589,112726,2980,115706,0,0,100.0
601,35,Uttarakhand,Meerut,640147,586998,53149,53308,3468,56776,0,0,100.0
602,35,Uttarakhand,Jaunpur,624213,429871,194342,194238,10244,204482,0,0,100.0
603,35,Uttarakhand,Azamgarh,608591,435501,173090,172743,7108,179851,0,0,100.0
604,35,Uttarakhand,Bareilly,567893,449923,117970,130032,6718,136750,0,0,100.0
605,35,Uttarakhand,Aligarh,559704,449461,110243,110243,6654,116897,0,0,100.0
606,35,Uttarakhand,Fatehpur,535111,405203,129908,131066,13755,144821,0,0,100.0
607,35,Uttarakhand,Bulandshahar,497722,377316,120406,120882,14999,135881,0,0,100.0
608,35,Uttarakhand,Moradabad,494743,377135,117608,118136,12348,130484,0,0,100.0
609,35,Uttarakhand,Muzaffarnagar,490627,427762,62865,63056,4631,67687,0,0,100.0
610,35,Uttarakhand,Bijnor,486790,379001,107789,108340,6039,114379,0,0,100.0
611,35,Uttarakhand,Sitapur,479434,284477,194957,193161,12173,205334,0,0,100.0
612,35,Uttarakhand,Kheri,475326,354304,121022,125983,15160,141143,0,0,100.0
613,35,Uttarakhand,Pratapgarh,468284,350210,118074,118076,13594,131670,0,0,100.0
614,35,Uttarakhand,Kushinagar,468148,295517,172631,172628,6626,179254,0,0,100.0
615,35,Uttarakhand,Unnao,458440,262529,195911,203390,22255,225645,0,0,100.0
616,35,Uttarakhand,Hardoi,451609,253773,197836,204342,11274,215616,0,0,100.0
617,35,Uttarakhand,Ghazipur,439247,296806,142441,138528,2542,141070,0,0,100.0
618,35,Uttarakhand,Rae Bareli,435149,359809,75340,76722,13635,90357,0,0,100.0
619,35,Uttarakhand,Mahrajganj,432394,291549,140845,137920,5684,143604,0,0,100.0
620,35,Uttarakhand,Bahraich,421870,247876,173994,180474,33998,214472,0,0,100.0
621,35,Uttarakhand,Ballia,402603,264468,138135,135090,2977,138067,0,0,100.0
622,35,Uttarakhand,Siddharthnagar,393382,273905,119477,119477,6624,126101,0,0,100.0
623,35,Uttarakhand,Basti,388636,263067,125569,124846,5518,130364,0,0,100.0
624,35,Uttarakhand,Shahjahanpur,387297,249807,137490,135387,9859,145246,0,0,100.0
625,35,Uttarakhand,Sultanpur,381524,262288,119236,112926,3210,116136,0,0,100.0
626,35,Uttarakhand,Barabanki,359933,239627,120306,114827,5738,120565,0,0,100.0
627,35,Uttarakhand,Firozabad,353065,276565,76500,76500,2514,79014,0,0,100.0
628,35,Uttarakhand,Mathura,349829,270695,79134,79134,4664,83798,0,0,100.0
629,35,Uttarakhand,Faizabad,342778,241177,101601,97163,5324,102487,0,0,100.0
630,35,Uttarakhand,Chandauli,338223,259986,78237,78270,2777,81047,0,0,100.0
631,35,Uttarakhand,Gautam Buddha Nagar,333987,314073,19914,20518,3332,23850,0,0,100.0
632,35,Uttarakhand,Mirzapur,331374,209580,121794,120951,10575,131526,0,0,100.0
633,35,Uttarakhand,Sonbhadra,326060,152035,174025,168229,668,168897,0,0,100.0
634,35,Uttarakhand,Budaun,320306,231616,88690,89082,11393,100475,0,0,100.0
635,35,Uttarakhand,Mau,318930,232593,86337,86313,1535,87848,0,0,100.0
636,35,Uttarakhand,Rampur,318352,214166,104186,104497,6039,110536,0,0,100.0
637,35,Uttarakhand,Gonda,307280,173691,133589,132320,26513,158833,0,0,100.0
638,35,Uttarakhand,Ambedkar Nagar,306337,249185,57152,55854,1696,57550,0,0,100.0
639,35,Uttarakhand,Pilibhit,301855,230174,71681,70339,5761,76100,0,0,100.0
640,35,Uttarakhand,Jyotiba Phule Nagar,292238,213835,78403,77352,6498,83850,0,0,100.0
641,35,Uttarakhand,Balrampur,288846,208292,80554,76164,9872,86036,0,0,100.0
642,35,Uttarakhand,Jhansi,280679,226997,53682,53682,2939,56621,0,0,100.0
643,35,Uttarakhand,Mahamaya Nagar,279295,227399,51896,51896,2654,54550,0,0,100.0
644,35,Uttarakhand,Sambhal,268609,176772,91837,92869,8179,101048,0,0,100.0
645,35,Uttarakhand,Farrukhabad,257043,167687,89356,89750,3675,93425,0,0,100.0
646,35,Uttarakhand,Baghpat,246577,225722,20855,21059,3192,24251,0,0,100.0
647,35,Uttarakhand,Banda,239153,131690,107463,107463,669,108132,0,0,100.0
648,35,Uttarakhand,Jalaun,237686,148944,88742,88742,4250,92992,0,0,100.0
649,35,Uttarakhand,Mainpuri,235017,159494,75523,75523,8860,84383,0,0,100.0
650,35,Uttarakhand,Sant Kabir Nagar,231955,140336,91619,91693,3899,95592,0,0,100.0
651,35,Uttarakhand,Auraiya,230549,155241,75308,75308,2061,77369,0,0,100.0
652,35,Uttarakhand,Amethi,226963,159162,67801,61460,2632,64092,0,0,100.0
653,35,Uttarakhand,Shamli,217158,190544,26614,26989,1575,28564,0,0,100.0
654,35,Uttarakhand,Kannauj,212595,132686,79909,79909,6365,86274,0,0,100.0
655,35,Uttarakhand,Kanpur Dehat,208626,121094,87532,87532,5737,93269,0,0,100.0
656,35,Uttarakhand,Sant Ravidas Nagar (Bhadohi),204379,136425,67954,69775,2002,71777,0,0,100.0
657,35,Uttarakhand,Hapur,197907,164833,33074,33493,2105,35598,0,0,100.0
658,35,Uttarakhand,Kanpur Nagar,197412,130234,67178,67178,6641,73819,0,0,100.0
659,35,Uttarakhand,Etawah,196704,144828,51876,52482,1344,53826,0,0,100.0
660,35,Uttarakhand,Etah,183798,121449,62349,62349,7624,69973,0,0,100.0
661,35,Uttarakhand,Hamirpur,173485,111749,61736,61350,3199,64549,0,0,100.0
662,35,Uttarakhand,Kanshiram Nagar,160113,112080,48033,48033,8191,56224,0,0,100.0
663,35,Uttarakhand,Chitrakoot,159972,70569,89403,89403,233,89636,0,0,100.0
664,35,Uttarakhand,Shrawasti,156721,97879,58842,52935,1686,54621,0,0,100.0
665,35,Uttarakhand,Kaushambi,156498,96328,60170,60177,4275,64452,0,0,100.0
666,35,Uttarakhand,Lalitpur,155314,94594,60720,60106,3395,63501,0,0,100.0
667,35,Uttarakhand,Mahoba,154479,115436,39043,39043,3731,42774,0,0,100.0
668,36,West Bengal,Lucknow,951693,858417,93276,94687,1114,95801,0,0,100.0
669,36,West Bengal,Deoria,790813,633374,157439,157220,3414,160634,0,0,100.0
670,36,West Bengal,Ghaziabad,773340,754938,18402,18466,1963,20429,0,0,100.0
671,36,West Bengal,Gorakhpur,764505,555959,208546,208459,12525,220984,0,0,100.0
672,36,West Bengal,Varanasi,730769,610820,119949,122309,3071,125380,0,0,100.0
673,36,West Bengal,Allahabad,712128,546201,165927,178501,11061,189562,0,0,100.0
674,36,West Bengal,Agra,655387,597194,58193,58193,8068,66261,0,0,100.0
675,36,West Bengal,Saharanpur,649863,533274,116589,112726,2980,115706,0,0,100.0
676,36,West Bengal,Meerut,640147,586998,53149,53308,3468,56776,0,0,100.0
677,36,West Bengal,Jaunpur,624213,429871,194342,194238,10244,204482,0,0,100.0
678,36,West Bengal,Azamgarh,608591,435501,173090,172743,7108,179851,0,0,100.0
679,36,West Bengal,Bareilly,567893,449923,117970,130032,6718,136750,0,0,100.0
680,36,West Bengal,Aligarh,559704,449461,110243,110243,6654,116897,0,0,100.0
681,36,West Bengal,Fatehpur,535111,405203,129908,131066,13755,144821,0,0,100.0
682,36,West Bengal,Bulandshahar,497722,377316,120406,120882,14999,135881,0,0,100.0
683,36,West Bengal,Moradabad,494743,377135,117608,118136,12348,130484,0,0,100.0
684,36,West Bengal,Muzaffarnagar,490627,427762,62865,63056,4631,67687,0,0,100.0
685,36,West Bengal,Bijnor,486790,379001,107789,108340,6039,114379,0,0,100.0
686,36,West Bengal,Sitapur,479434,284477,194957,193161,12173,205334,0,0,100.0
687,36,West Bengal,Kheri,475326,354304,121022,125983,15160,141143,0,0,100.0
688,36,West Bengal,Pratapgarh,468284,350210,118074,118076,13594,131670,0,0,100.0
689,36,West Bengal,Kushinagar,468148,295517,172631,172628,6626,179254,0,0,100.0
690,36,West Bengal,Unnao,458440,262529,195911,203390,22255,225645,0,0,100.0
691,36,West Bengal,Hardoi,451609,253773,197836,204342,11274,215616,0,0,100.0
692,36,West Bengal,Ghazipur,439247,296806,142441,138528,2542,141070,0,0,100.0
693,36,West Bengal,Rae Bareli,435149,359809,75340,76722,13635,90357,0,0,100.0
694,36,West Bengal,Mahrajganj,432394,291549,140845,137920,5684,143604,0,0,100.0
695,36,West Bengal,Bahraich,421870,247876,173994,180474,33998,214472,0,0,100.0
696,36,West Bengal,Ballia,402603,264468,138135,135090,2977,138067,0,0,100.0
697,36,West Bengal,Siddharthnagar,393382,273905,119477,119477,6624,126101,0,0,100.0
698,36,West Bengal,Basti,388636,263067,125569,124846,5518,130364,0,0,100.0
699,36,West Bengal,Shahjahanpur,387297,249807,137490,135387,9859,145246,0,0,100.0
700,36,West Bengal,Sultanpur,381524,262288,119236,112926,3210,116136,0,0,100.0
701,36,West Bengal,Barabanki,359933,239627,120306,114827,5738,120565,0,0,100.0
702,36,West Bengal,Firozabad,353065,276565,76500,76500,2514,79014,0,0,100.0
703,36,West Bengal,Mathura,349829,270695,79134,79134,4664,83798,0,0,100.0
704,36,West Bengal,Faizabad,342778,241177,101601,97163,5324,102487,0,0,100.0
705,36,West Bengal,Chandauli,338223,259986,78237,78270,2777,81047,0,0,100.0
706,36,West Bengal,Gautam Buddha Nagar,333987,314073,19914,20518,3332,23850,0,0,100.0
707,36,West Bengal,Mirzapur,331374,209580,121794,120951,10575,131526,0,0,100.0
708,36,West Bengal,Sonbhadra,326060,152035,174025,168229,668,168897,0,0,100.0
709,36,West Bengal,Budaun,320306,231616,88690,89082,11393,100475,0,0,100.0
710,36,West Bengal,Mau,318930,232593,86337,86313,1535,87848,0,0,100.0
711,36,West Bengal,Rampur,318352,214166,104186,104497,6039,110536,0,0,100.0
712,36,West Bengal,Gonda,307280,173691,133589,132320,26513,158833,0,0,100.0
713,36,West Bengal,Ambedkar Nagar,306337,249185,57152,55854,1696,57550,0,0,100.0
714,36,West Bengal,Pilibhit,301855,230174,71681,70339,5761,76100,0,0,100.0
715,36,West Bengal,Jyotiba Phule Nagar,292238,213835,78403,77352,6498,83850,0,0,100.0
716,36,West Bengal,Balrampur,288846,208292,80554,76164,9872,86036,0,0,100.0
717,36,West Bengal,Jhansi,280679,226997,53682,53682,2939,56621,0,0,100.0
718,36,West Bengal,Mahamaya Nagar,279295,227399,51896,51896,2654,54550,0,0,100.0
719,36,West Bengal,Sambhal,268609,176772,91837,92869,8179,101048,0,0,100.0
720,36,West Bengal,Farrukhabad,257043,167687,89356,89750,3675,93425,0,0,100.0
721,36,West Bengal,Baghpat,246577,225722,20855,21059,3192,24251,0,0,100.0
722,36,West Bengal,Banda,239153,131690,107463,107463,669,108132,0,0,100.0
723,36,West Bengal,Jalaun,237686,148944,88742,88742,4250,92992,0,0,100.0
724,36,West Bengal,Mainpuri,235017,159494,75523,75523,8860,84383,0,0,100.0
725,36,West Bengal,Sant Kabir Nagar,231955,140336,91619,91693,3899,95592,0,0,100.0
726,36,West Bengal,Auraiya,230549,155241,75308,75308,2061,77369,0,0,100.0
727,36,West Bengal,Amethi,226963,159162,67801,61460,2632,64092,0,0,100.0
728,36,West Bengal,Shamli,217158,190544,26614,26989,1575,28564,0,0,100.0
729,36,West Bengal,Kannauj,212595,132686,79909,79909,6365,86274,0,0,100.0
730,36,West Bengal,Kanpur Dehat,208626,121094,87532,87532,5737,93269,0,0,100.0
731,36,West Bengal,Sant Ravidas Nagar (Bhadohi),204379,136425,67954,69775,2002,71777,0,0,100.0
732,36,West Bengal,Hapur,197907,164833,33074,33493,2105,35598,0,0,100.0
733,36,West Bengal,Kanpur Nagar,197412,130234,67178,67178,6641,73819,0,0,100.0
734,36,West Bengal,Etawah,196704,144828,51876,52482,1344,53826,0,0,100.0
735,36,West Bengal,Etah,183798,121449,62349,62349,7624,69973,0,0,100.0
736,36,West Bengal,Hamirpur,173485,111749,61736,61350,3199,64549,0,0,100.0
737,36,West Bengal,Kanshiram Nagar,160113,112080,48033,48033,8191,56224,0,0,100.0
738,36,West Bengal,Chitrakoot,159972,70569,89403,89403,233,89636,0,0,100.0
739,36,West Bengal,Shrawasti,156721,97879,58842,52935,1686,54621,0,0,100.0
740,36,West Bengal,Kaushambi,156498,96328,60170,60177,4275,64452,0,0,100.0
741,36,West Bengal,Lalitpur,155314,94594,60720,60106,3395,63501,0,0,100.0
742,36,West Bengal,Mahoba,154479,115436,39043,39043,3731,42774,0,0,100.0
